total_nodes,total_edges,density,avg_degree
39100,581521,0.0007607693212894097,29.74531969309463
