total_nodes,total_edges,density,avg_degree
8979,133777,0.0033189741931688777,29.797750306270185
