total_nodes,total_edges,density,avg_degree
8979,133790,0.003319296719944865,29.800645951664997
